Suits,http://www.watchepisodeseries.com/suits,9/6/15,6,11,NA
Rick And Morty,http://www.watchepisodeseries.com/rick-and-morty,8/6/16,3,11,NA
Breaking Bad,http://www.watchepisodeseries.com/breaking-bad,8/15/17,5,16,10/26/15
Dexter,http://www.watchepisodeseries.com/dexter,10/30/15,8,6,NA
Bojack Horseman,http://www.watchepisodeseries.com/bojack-horseman,8/6/16,1,2,NA
Doctor Who 2005,http://www.watchepisodeseries.com/doctor-who-2005,6/2/16,1,3,NA
Halt And Catch Fire,http://www.watchepisodeseries.com/halt-and-catch-fire,7/19/15,3,1,NA
House Of Cards us,http://www.watchepisodeseries.com/house-of-cards-us,4/16/16,3,12,NA
Mad Men,http://www.watchepisodeseries.com/mad-men,8/26/16,1,8,NA
Parks And Recreation,http://www.watchepisodeseries.com/parks-and-recreation,8/12/17,7,7,NA
Person Of Interest,http://www.watchepisodeseries.com/person-of-interest,11/11/14,5,15,NA
Sherlock,http://www.watchepisodeseries.com/sherlock,11/5/16,5,1,NA
Silicon Valley,http://www.watchepisodeseries.com/silicon-valley,4/13/15,5,1,NA
UnReal,http://www.watchepisodeseries.com/unreal,6/15/15,2,1,NA
Veep,http://www.watchepisodeseries.com/veep,4/27/16,3,1,NA
White Collar,http://www.watchepisodeseries.com/white-collar,12/21/14,6,6,6/5/15
Its Always Sunny in Philadelphia,http://www.watchepisodeseries.com/its-always-sunny-in-philadelphia,7/15/17,12,1,NA
